### General,,,,,
Variable,Required,Description,Default,Version,Need recompile
---------------------------------------,--------,-------------------------------------------------------------------------------------------------------------------------------------------------------------------------------------------------------------------------------------------,------------------------------------------------------,-------,--------------
`DATABASE_URL`,✅,Variable to define the Postgres Database endpoint.,(empty),all,
`ETHEREUM_JSONRPC_VARIANT`,✅,"Tells the application which RPC Client the node is using (i.e. `erigon`, `geth`, `nethermind`, `besu`, or `ganache`) ([See Client Settings for more info](client-settings.md))",ganache,all,
`ETHEREUM_JSONRPC_HTTP_URL`,✅,"The RPC endpoint used to fetch blocks, transactions, receipts, tokens.",localhost:8545,all,
`DATABASE_READ_ONLY_API_URL`,✅,"Variable to define the Postgres Database read-only replica endpoint. If it is provided, most of the read queries from API v2 and UI would go through this endpoint.",(empty),all,
`ETHEREUM_JSONRPC_TRACE_URL`,,The RPC endpoint specifically for the Erigon/Geth/Nethermind/Besu client used by trace\_block and trace\_replayTransaction. This can be used to designate a tracing node.,localhost:8545,all,
`ETHEREUM_JSONRPC_WS_URL`,,The WebSockets RPC endpoint used to subscribe to the `newHeads` subscription alerting the indexer to fetch new blocks.,ws://localhost:8546,all,
`ETHEREUM_JSONRPC_TRANSPORT`,,"Specifies the transport for Blockscout to connect to the Ethereum Node. Available transports are `http` and `ipc`. If `ipc` is selected, also set `IPC_PATH` variable.",http,v3.1.0+,
`ETHEREUM_JSONRPC_HTTP_INSECURE`,,"If `true` is set, allows insecure HTTP connections to the archive node. For instance, it allows to bypass expired SSL certificate at the archive node endpoint. Implemented in (#6573)\[https://github.com/blockscout/blockscout/pull/6573]",(empty),v5.0.0+,
`ETHEREUM_JSONRPC_HTTP_TIMEOUT`,,Timeout for ethereum json rpc http requests in seconds. Implemented in (#7089)[https://github.com/blockscout/blockscout/pull/7089],60,v5.1.2+,
`ETHEREUM_JSONRPC_USER`,,User in basic auth for JSON RPC endpoint. Implemented in (#6897)[https://github.com/blockscout/blockscout/pull/6897],(empty),v5.1.2+,
`ETHEREUM_JSONRPC_PASSWORD`,,Password in basic auth for JSON RPC endpoint. Implemented in (#6897)[https://github.com/blockscout/blockscout/pull/6897],(empty),v5.1.2+,
`ETHEREUM_JSONRPC_HTTP_HEADERS`,,"Custom headers for JSON RPC endpoint in form of json object, example: `{""x-api-key"": ""nbvkhadvnbkdfav"", ""x-id"": ""ndjkfvndfkjv""}`. Implemented in (#7898)[https://github.com/blockscout/blockscout/pull/7898]",(empty),v5.2.1+,
`NETWORK`,,Environment variable for the main EVM network such as Ethereum or POA.,POA,all,
`SUBNETWORK`,,Environment variable for the subnetwork such as Core or Sokol Network. This will be displayed as selected in the chains list dropdown.,POA Sokol,all,
`IPC_PATH`,,Path to the IPC file of the running node if IPC transport is chosen.,(empty),v2.1.1+,
`NETWORK_PATH`,,Used to set a network path other than what is displayed in the root directory. An example would be to add `/eth/mainnet/` to the root directory.,/,all,
`BLOCKSCOUT_HOST`,,Host for API endpoint examples.,localhost,v2.1.0+,
`BLOCKSCOUT_PROTOCOL`,,Url scheme for blockscout.,"in prod env `https` is used, in dev env `http` is used",v2.1.0+,
`SECRET_KEY_BASE`,✅,Use mix phx.gen.secret to generate a new Secret Key Base string to protect production assets.,(empty),all,
`CHECK_ORIGIN`,,"Used to check the origin of requests when the origin header is present. It defaults to `false`. In case of true, it will check against the host value.",false,all,
`PORT`,,Default port the application runs on is 4000.,4000,all,
`COIN`,,The coin here is checked via the CoinGecko API to obtain USD prices on graphs and other areas of the UI.,POA,all,
`COIN_NAME`,,"Displayed name of the coin. Also used for ""Add chain to MetaMask"" button and for Account functionality as native coin name in the email letters for watch list.",(empty),v4.1.2+,
`EMISSION_FORMAT`,,Should be set to `POA` if you have block emission identical to POA Network. This env var is used only if `CHAIN_SPEC_PATH` is set.,`DEFAULT`,v2.0.4+,
`CHAIN_SPEC_PATH`,,Chain specification path (absolute file system path or URL) to import block emission reward ranges and genesis account balances from. Geth- and OpenEthereum-style specs are supported.,(empty),v2.0.4+,
`SUPPLY_MODULE`,,"This environment variable is used by the xDai Chain/RSK in order to tell the application how to calculate the total supply of the chain. Available values are `TokenBridge`, `RSK`",(empty),all,
`POOL_SIZE`,,Variable to define the number of database connections allowed excluding read-only API endpoints requests.,50,all,
`POOL_SIZE_API`,,Variable to define the number of database connections allowed for read-only API endpoints requests.,50,v4.1.0+,
`ECTO_USE_SSL`,,Production environment variable to use SSL on Ecto queries.,true,all,
`HEART_BEAT_TIMEOUT`,,Production environment variable to restart the application in the event of a crash.,30,all,
`HEART_COMMAND`,,Production environment variable to restart the application in the event of a crash.,(empty),all,
`ELIXIR_VERSION`,,Elixir version to install on the node before Blockscout deploy. It is used in bash script in Terraform / Ansible deployment script,(empty),all,
`GRAPHIQL_TRANSACTION`,,Default transaction hash in a sample query to GraphiQL.,(empty),v1.2.0+,✅
`DISABLE_WEBAPP`,,"If `true`, endpoints to webapp are hidden (compile-time). Also, enabling it makes notifications go through `db_notify`",`false`,v2.0.3+,✅
`API_V1_READ_METHODS_DISABLED`,,"If `true`, read-only endpoints to API v1 are hidden (compile-time).",`false`,v5.1.5+,✅
`API_V1_WRITE_METHODS_DISABLED`,,"If `true`, write endpoints to API v1 are hidden (compile-time).",`false`,v5.1.5+,✅
`WEBAPP_URL`,,"Link to web application instance, e.g. `protocol://host/path`",(empty),v2.0.3+,
`API_URL`,,"Link to API instance, e.g. `protocol://host/path`",(empty),v2.0.3+,
`CHECKSUM_ADDRESS_HASHES`,,"If set to `true`, redirects to checksummed version of address hashes.",true,v3.1.0+,
`CHECKSUM_FUNCTION`,,"Defines checksum address function. 2 available values: `rsk`, `eth`",eth,v2.0.1+,
`RESTRICTED_LIST`,,A comma-separated list of addresses to enable restricted access to them.,(empty),v3.3.3+,
`RESTRICTED_LIST_KEY`,,A key to access addresses listed in`RESTRICTED_LIST` variable. Can be passed via query param to the page's URL: `?key=...`,(empty),v3.3.3+,
`CHAIN_ID`,,"Chain ID of the network. For instance, 100 in the case of xDai chain.",(empty),v3.7.0+,
`JSON_RPC`,,JSON RPC endpoint of the chain for the WalletConnect integration. Implemented in [#4931](https://github.com/blockscout/blockscout/pull/4931),(empty),v4.1.0+,
`HEALTHY_BLOCKS_PERIOD`,,New blocks indexed max delay in /health API endpoint. [Time format](env-variables.md#time-format). Implemented in [#2294](https://github.com/blockscout/blockscout/pull/2294/),5 m,v2.0.2+,
`NEW_TAGS`,,Add public tag labels. More info in [#6316](https://github.com/blockscout/blockscout/pull/6316),(empty),v5.0.0+,
`CUSTOM_CONTRACT_ADDRESSES_${tag_name}`,,Specify addresses for some label. More info in [#6316](https://github.com/blockscout/blockscout/pull/6316),(empty),v5.0.0+,
`API_V2_ENABLED`,,Enable API V2. Implemented in [#6361](https://github.com/blockscout/blockscout/pull/6361),(empty),v5.0.0+,
`TOKEN_ID_MIGRATION_FIRST_BLOCK`,,Bottom block for token id migration. Implemented in [#6391](https://github.com/blockscout/blockscout/pull/6391),0,v5.0.0+,
`TOKEN_ID_MIGRATION_CONCURRENCY`,,Number of workers performing the token id migration. Implemented in [#6391](https://github.com/blockscout/blockscout/pull/6391),1,v5.0.0+,
`TOKEN_ID_MIGRATION_BATCH_SIZE`,,Interval of token transfer block numbers processed by a token id migration worker at a time. Implemented in [#6391](https://github.com/blockscout/blockscout/pull/6391),500,v5.0.0+,
`SESSION_COOKIE_DOMAIN`,,Value of this env will be added to domain of session cookie. Implemented in [#6544](https://github.com/blockscout/blockscout/pull/6544),(empty),v5.0.0+,
`DECODE_NOT_A_CONTRACT_CALLS`,,Allows to decode contract calls directed to addresses which are not contracts. Implemented in [#6541](https://github.com/blockscout/blockscout/pull/6541),`false`,v5.1.0+,✅
`EIP_1559_ELASTICITY_MULTIPLIER`,,EIP-1559 elasticity multiplier. Implemented in [#7253](https://github.com/blockscout/blockscout/pull/7253),2,v5.1.3+,
`ETHEREUM_JSONRPC_FALLBACK_HTTP_URL`,,Fallback JSON RPC HTTP url. Implemented in [#7246](https://github.com/blockscout/blockscout/pull/7246),(empty),v5.1.4+,
`ETHEREUM_JSONRPC_FALLBACK_TRACE_URL`,,Fallback JSON RPC trace url. Implemented in [#7246](https://github.com/blockscout/blockscout/pull/7246),(empty),v5.1.4+,
`API_SENSITIVE_ENDPOINTS_KEY`,,API key to protect some sensitive endpoints. Implemented in [#7355](https://github.com/blockscout/blockscout/pull/7355),(empty),v5.1.5+,
### Indexer management,,,,,
Variable,Required,Description,Default,Version,
--------------------------------------------------,--------,-----------------------------------------------------------------------------------------------------------------------------------------------------------------------------------------------------------------------------------------------------------------------------------------------------------------------------------------------------------------------------------------------------------------------------------------------------------------------------------------------------------------------------,-------------,-------,
`BLOCK_TRANSFORMER`,,Transformer for blocks: base or clique.,base,v1.3.4+,
`DISABLE_INDEXER`,,"If `true`, indexer application doesn't run.",`false`,v2.0.3+,
`INDEXER_HIDE_INDEXING_PROGRESS_ALERT`,,"If `true`, indexer progress alert will be disabled even if initial catchup indexing is still in place. Implemented in [#7360](https://github.com/blockscout/blockscout/pull/7360).",`false`,v5.1.5+,
`INDEXER_DISABLE_PENDING_TRANSACTIONS_FETCHER`,,"If `true`, pending transactions fetcher is disabled.",`false`,v4.1.2+,
`INDEXER_DISABLE_INTERNAL_TRANSACTIONS_FETCHER`,,"If `true`, internal transactions fetcher is disabled.",`false`,v4.1.2+,
`INDEXER_DISABLE_BLOCK_REWARD_FETCHER`,,"if `true`, block rewards fetcher is disabled.",`false`,v4.1.3+,
`INDEXER_DISABLE_ADDRESS_COIN_BALANCE_FETCHER`,,"If `true`, coin balances fetcher is disabled.",`false`,v4.1.3+,
`INDEXER_DISABLE_CATALOGED_TOKEN_UPDATER_FETCHER`,,"If `true`, cataloged tokens metadata fetcher is disabled.",`false`,v4.1.3+,
`INDEXER_MEMORY_LIMIT`,,Memory soft limit for the indexer.,1Gb,v4.1.3+,
`INDEXER_EMPTY_BLOCKS_SANITIZER_BATCH_SIZE`,,Batch size for empty block sanitizer (re-fetcher).,100,v4.1.3+,
`INDEXER_CATCHUP_BLOCKS_BATCH_SIZE`,,Batch size for blocks catchup fetcher. Implemented in [#6196](https://github.com/blockscout/blockscout/pull/6196).,10,v5.0.0+,
`INDEXER_CATCHUP_BLOCKS_CONCURRENCY`,,Concurrency for blocks catchup fetcher. Implemented in [#6196](https://github.com/blockscout/blockscout/pull/6196).,10,v5.0.0+,
`INDEXER_DISABLE_EMPTY_BLOCKS_SANITIZER`,,Empty blocks sanitizer is disabled if `true`,false,v5.1.2+,
`DISABLE_REALTIME_INDEXER`,,"If `true`, realtime fetcher doesn't run",`false`,v4.1.6+,
`FIRST_BLOCK`,,"The block number, where import of blocks by catchup fetcher begins from.",0,v1.3.8+,
`LAST_BLOCK`,,"The block number, where import of blocks by catchup fetcher stops.",(empty),v2.0.3+,
`TRACE_FIRST_BLOCK`,,"The block number, where indexing of internal transactions begins from.",0,v4.1.0+,
`TRACE_LAST_BLOCK`,,"The block number, where indexing of internal transactions stops.",(empty),v4.1.0+,
`BLOCK_RANGES`,,Block ranges to import by catchup fetcher. Implemented in [#5783](https://github.com/blockscout/blockscout/pull/5783),,v4.1.7+,
`FETCH_REWARDS_WAY`,,"Tells the application how to calculate block rewards, by fetching via json\_rpc (`trace_block`) or manual by block params (`manual`).",trace\_block,v4.1.4+,
`ETHEREUM_JSONRPC_DEBUG_TRACE_TRANSACTION_TIMEOUT`,,Timeout for `debug_traceTransaction` JSON RPC method request in case of `geth` archive node. Supported time formats: [https://pkg.go.dev/time#ParseDuration](https://pkg.go.dev/time#ParseDuration). Introduced in [#5505](https://github.com/blockscout/blockscout/pull/5505),5s,v4.1.3+,
`ETHEREUM_JSONRPC_DISABLE_ARCHIVE_BALANCES`,,"If `true`, all the requests with the method `eth_getBalance` with any block as parameter but `latest` are ignored. Implemented in [#6001](https://github.com/blockscout/blockscout/pull/6001)",`false`,v5.0.0+,
`ETHEREUM_JSONRPC_PENDING_TRANSACTIONS_TYPE`,,"Defines which method will be used for fetching pending transactions: `default` - default method for fetching internal transactions for current `ETHEREUM_JSONRPC_VARIANT`, `geth` - `txpool_content` method will be used, `parity` - `parity_pendingTransactions` will be used. Implemented in [#6001](https://github.com/blockscout/blockscout/pull/6155)",`default`,v5.0.0+,
`INDEXER_INTERNAL_TRANSACTIONS_BATCH_SIZE`,,Batch size for internal transactions fetcher. Implemented in [#6450](https://github.com/blockscout/blockscout/pull/6450).,10,v5.0.0+,
`INDEXER_INTERNAL_TRANSACTIONS_CONCURRENCY`,,Concurrency for internal transactions fetcher. Implemented in [#6450](https://github.com/blockscout/blockscout/pull/6450).,4,v5.0.0+,
`INDEXER_INTERNAL_TRANSACTIONS_INDEXING_FINISHED_THRESHOLD`,,"In the case when the 1st tx in the chain already has internal transactions, If the number of blocks in pending_block_operations is less than the value in this env var, Blockscout will consider, that indexing of internal transactions finished, otherwise, it will consider, that indexing is still taking place and the indexing banner will appear at the top. Implemented in [#7576](https://github.com/blockscout/blockscout/pull/7576).",1000,v5.2.0+,
`INDEXER_BLOCK_REWARD_BATCH_SIZE`,,Batch size for block reward fetcher. Implemented in [#6952](https://github.com/blockscout/blockscout/pull/6952).,10,v5.1.2+,
`INDEXER_BLOCK_REWARD_CONCURRENCY`,,Concurrency for block reward fetcher. Implemented in [#6952](https://github.com/blockscout/blockscout/pull/6952).,4,v5.1.2+,
`INDEXER_RECEIPTS_BATCH_SIZE`,,Batch size for transaction receipts fetcher. Implemented in [#6454](https://github.com/blockscout/blockscout/pull/6454).,250,v5.0.0+,
`INDEXER_RECEIPTS_CONCURRENCY`,,Concurrency for transaction receipts fetcher. Implemented in [#6454](https://github.com/blockscout/blockscout/pull/6454).,10,v5.0.0+,
`INDEXER_COIN_BALANCES_BATCH_SIZE`,,Batch size for coin balances fetcher. Implemented in [#6454](https://github.com/blockscout/blockscout/pull/6454).,500,v5.0.0+,
`INDEXER_COIN_BALANCES_CONCURRENCY`,,Concurrency for coin balances fetcher. Implemented in [#6454](https://github.com/blockscout/blockscout/pull/6454).,4,v5.0.0+,
`INDEXER_TOKEN_BALANCES_BATCH_SIZE`,,Batch size for token balances fetcher. Implemented in [#7439](https://github.com/blockscout/blockscout/pull/7439).,100,v5.1.5+,
`INDEXER_TX_ACTIONS_ENABLE`,,"If `true`, transaction action indexer is active. Implemented in [#6582](https://github.com/blockscout/blockscout/pull/6582).",false,v5.1.0+,
`INDEXER_TX_ACTIONS_MAX_TOKEN_CACHE_SIZE`,,Maximum number of items in an internal cache of tx actions indexing process (to limit memory consumption). Implemented in [#6582](https://github.com/blockscout/blockscout/pull/6582).,100000,v5.1.0+,
`INDEXER_TX_ACTIONS_REINDEX_FIRST_BLOCK`,,The first block of a block range for historical indexing or reindexing of tx actions. Implemented in [#6582](https://github.com/blockscout/blockscout/pull/6582).,(empty),v5.1.0+,
`INDEXER_TX_ACTIONS_REINDEX_LAST_BLOCK`,,The last block of a block range for historical indexing or reindexing of tx actions. Implemented in [#6582](https://github.com/blockscout/blockscout/pull/6582).,(empty),v5.1.0+,
`INDEXER_TX_ACTIONS_REINDEX_PROTOCOLS`,,"Comma-separated names of protocols which should be indexed or reindexed on historical blocks defined by the range. Example: `uniswap_v3,zkbob` - only these protocols will be indexed or reindexed for the defined block range. If the value is empty string (or not defined), all supported protocols will be indexed/reindexed. This option is not applicable to `realtime` and `catchup` fetchers (it always indexes all supported protocols). Implemented in [#6582](https://github.com/blockscout/blockscout/pull/6582).",(empty),v5.1.0+,
`INDEXER_TX_ACTIONS_AAVE_V3_POOL_CONTRACT`,,"Pool contract address for Aave v3 protocol. If not defined, Aave transaction actions are ignored by the indexer. Implemented in [#7185](https://github.com/blockscout/blockscout/pull/7185).",(empty),v5.1.3+,
`INDEXER_TX_ACTIONS_UNISWAP_V3_FACTORY_CONTRACT`,,UniswapV3Factory contract address. Implemented in [#7312](https://github.com/blockscout/blockscout/pull/7312).,0x1F98431c8aD98523631AE4a59f267346ea31F984,v5.1.4+,
`INDEXER_TX_ACTIONS_UNISWAP_V3_NFT_POSITION_MANAGER_CONTRACT`,,NonfungiblePositionManager contract address for Uniswap v3. Implemented in [#7312](https://github.com/blockscout/blockscout/pull/7312).,0xC36442b4a4522E871399CD717aBDD847Ab11FE88,v5.1.4+,
`INDEXER_CATCHUP_MISSING_RANGES_BATCH_SIZE`,,Batch size for missing ranges collector. Implemented in [#6583](https://github.com/blockscout/blockscout/pull/6583).,100000,v5.0.0+,
`MIN_MISSING_BLOCK_NUMBER_BATCH_SIZE`,,Batch size for min missing block number updater. Implemented in [#6583](https://github.com/blockscout/blockscout/pull/6583).,100000,v5.0.0+,
`INDEXER_INTERNAL_TRANSACTIONS_TRACER_TYPE`,,"Tracer type for `debug_traceTransaction` request for geth-like nodes. Possible values are: `js` to use custom Blockscout js tracer, `call_tracer` to use built-in `callTracer` geth tracer, `opcode` to use built-in `Struct/opcode logger` geth tracer, `polygon_edge` to work with Polygon edge nodes. Implemented in [#6721](https://github.com/blockscout/blockscout/pull/6721), [#7513](https://github.com/blockscout/blockscout/pull/7513)",`call_tracer`,v5.1.0+,
`INDEXER_TOKEN_INSTANCE_RETRY_REFETCH_INTERVAL`,,Interval between attempts to fetch token instance metadata. [Time format](env-variables.md#time-format). Implemented in [#7286](https://github.com/blockscout/blockscout/pull/7286).,`24h`,v5.1.4+,
`INDEXER_TOKEN_INSTANCE_RETRY_CONCURRENCY`,,Concurrency for `retry` token instance fetcher. Implemented in [#7286](https://github.com/blockscout/blockscout/pull/7286).,10,v5.1.4+,
`INDEXER_TOKEN_INSTANCE_REALTIME_CONCURRENCY`,,Concurrency for `realtime` token instance fetcher. Implemented in [#7286](https://github.com/blockscout/blockscout/pull/7286).,10,v5.1.4+,
`INDEXER_TOKEN_INSTANCE_SANITIZE_CONCURRENCY`,,Concurrency for `sanitize` token instance fetcher. Implemented in [#7286](https://github.com/blockscout/blockscout/pull/7286).,10,v5.1.4+,
`INDEXER_DISABLE_TOKEN_INSTANCE_RETRY_FETCHER`,,"If `true`, `retry` token instance fetcher doesn't run",`false`,v5.1.4+,
`INDEXER_DISABLE_TOKEN_INSTANCE_REALTIME_FETCHER`,,"If `true`, `realtime` token instance fetcher doesn't run",`false`,v5.1.4+,
`INDEXER_DISABLE_TOKEN_INSTANCE_SANITIZE_FETCHER`,,"If `true`, `sanitize` token instance fetcher doesn't run",`false`,v5.1.4+,
`INDEXER_REALTIME_FETCHER_MAX_GAP`,,Max gap between consecutive `latest` blocks that will be filled by realtime fetcher. Implemented in [#7393](https://github.com/blockscout/blockscout/pull/7393),1000,v5.1.5+,
`INDEXER_DISABLE_WITHDRAWALS_FETCHER`,,"If `true`, withdrawals fetcher is disabled. Implemented in [#6694](https://github.com/blockscout/blockscout/pull/6694).",`true`,v5.1.5+,
`WITHDRAWALS_FIRST_BLOCK`,,"The block number, where import of withdrawals by catchup fetcher begins from. Should be the block where withdrawals upgrade occurred on the chain. Implemented in [#6694](https://github.com/blockscout/blockscout/pull/6694).",(empty),v5.1.5+,
`INDEXER_CATCHUP_BLOCK_INTERVAL`,,Interval between blocks catchup fetcher tasks. Implemented in [#7489](https://github.com/blockscout/blockscout/pull/7489).,`5s`,v5.1.5+,
`INDEXER_FETCHER_INIT_QUERY_LIMIT`,,Limit for all fetchers init queries. Implemented in [#7697](https://github.com/blockscout/blockscout/pull/7697).,100,v5.2.0+,
### Exchange rates management,,,,,
Variable,Required,Description,Default,Version,
--------------------------------------,--------,-------------------------------------------------------------------------------------------------------------------------------------------------------------------------------------------------------------------------------------------------------------------------------------------------------------------------,---------,-------,
`DISABLE_EXCHANGE_RATES`,,Disables or enables fetching of coin price from Coingecko API.,false,v3.1.2+,
`EXCHANGE_RATES_SOURCE`,,This environment variable is used to calculate the exchange rates. Available value is `token_bridge`. Available values are also `coin_gecko` and `coin_market_cap`.,(empty),v4.1.4+,
`EXCHANGE_RATES_MOBULA_COIN_ID`,,Mobula coin ID for token exchange rates.
`EXCHANGE_RATES_MOBULA_API_KEY`,,Mobula API key for token exchange rates.
`EXCHANGE_RATES_MOBULA_CHAIN_ID`,,Mobula chain id full list in [doc](https://docs.mobula.io/blockchains/intro-blockchains).
`EXCHANGE_RATES_COINGECKO_COIN_ID`,,Explicitly set CoinGecko coin ID.,(empty),v4.1.4+,
`EXCHANGE_RATES_COINGECKO_API_KEY`,,CoinGecko API key.,(empty),v4.1.4+,
`EXCHANGE_RATES_COINMARKETCAP_API_KEY`,,CoinMarketCap API key.,(empty),v4.1.4+,
`EXCHANGE_RATES_COINMARKETCAP_COIN_ID`,,CoinMarketCap coin id.,(empty),v5.2.1+,
`EXCHANGE_RATES_FETCH_BTC_VALUE`,,if `true` explorer application will fetch btc\_value for token exchange rates. Implemented in [#5671](https://github.com/blockscout/blockscout/pull/5671).,(empty),v4.1.5+,
`EXCHANGE_RATES_COINGECKO_PLATFORM_ID`,,"[CoinGecko](https://www.coingecko.com/) platform id for which token prices are fetched, see full list in [`/asset_platforms`](https://api.coingecko.com/api/v3/asset_platforms) endpoint. Implemented in [#6925](https://github.com/blockscout/blockscout/pull/6925).",ethereum,v5.1.2+,
`TOKEN_EXCHANGE_RATE_INTERVAL`,,Interval between batch requests of token prices. Can be decreased in order to fetch prices faster if you have pro rate limit. [Time format](env-variables.md#time-format). Implemented in [#6925](https://github.com/blockscout/blockscout/pull/6925).,5s,v5.1.2+,
`TOKEN_EXCHANGE_RATE_REFETCH_INTERVAL`,,"Interval between refetching token prices, responsible for the relevance of prices. [Time format](env-variables.md#time-format). Implemented in [#6925](https://github.com/blockscout/blockscout/pull/6925).",1 hour,v5.1.2+,
`TOKEN_EXCHANGE_RATE_MAX_BATCH_SIZE`,,Batch size of a single token price request. Implemented in [#6925](https://github.com/blockscout/blockscout/pull/6925).,150,v5.1.2+,
`DISABLE_TOKEN_EXCHANGE_RATE`,,If `true` disables fetching of token price. Implemented in [#6925](https://github.com/blockscout/blockscout/pull/6925).,true,v5.1.2+,
### Cache management,,,,,
Variable,Required,Description,Default,Version,Need recompile
-----------------------------------------------------,--------,-,------------------------------------------------------------------------------------------------------------------------------------------------------------,---------------------,-------
`CACHE_TXS_COUNT_PERIOD`,,"Time interval to restart the task, which calculates the total txs count. [Time format](env-variables.md#time-format).",2h,v4.1.3+,
`CACHE_ADDRESS_SUM_PERIOD`,,time to live of addresses sum (except burn address) cache. [Time format](env-variables.md#time-format). Introduced in [#2862](https://github.com/poanetwork/blockscout/pull/2862).,1h,v4.1.3+,
`CACHE_TOTAL_GAS_USAGE_PERIOD`,,"Interval to restart the task, which calculates the total gas usage. [Time format](env-variables.md#time-format).",2h,v4.1.3+,
`CACHE_PBO_COUNT_PERIOD`,,"Time interval to restart the task, which calculates the total pending_block_operations count. [Time format](env-variables.md#time-format).",20m,v5.2.0+,
`CACHE_ADDRESS_TRANSACTIONS_GAS_USAGE_COUNTER_PERIOD`,,"Interval to restart the task, which calculates gas usage at the address. [Time format](env-variables.md#time-format).",30m,v4.1.3+,
`CACHE_TOKEN_HOLDERS_COUNTER_PERIOD`,,"Interval to restart the task, which calculates holders count of the token. [Time format](env-variables.md#time-format).",1h,v4.1.3+,
`CACHE_TOKEN_TRANSFERS_COUNTER_PERIOD`,,"Interval to restart the task, which calculates transfers count of the token. [Time format](env-variables.md#time-format).",1h,v4.1.3+,
`CACHE_ADDRESS_WITH_BALANCES_UPDATE_INTERVAL`,,"Interval to restart the task, which calculates addresses with balances. [Time format](env-variables.md#time-format).",30m,v4.1.3+,✅
`TOKEN_METADATA_UPDATE_INTERVAL`,,Interval to restart the task which updates token metadata. [Time format](env-variables.md#time-format).,48h,v2.0.1+,
`CACHE_AVERAGE_BLOCK_PERIOD`,,Update of average block period cache. [Time format](env-variables.md#time-format).,30m,v4.1.3+,
`CACHE_MARKET_HISTORY_PERIOD`,,Update of market history cache. [Time format](env-variables.md#time-format).,6h,v4.1.3+,
`CACHE_ADDRESS_TRANSACTIONS_COUNTER_PERIOD`,,Time to live of address' transactions counter. [Time format](env-variables.md#time-format). Introduced in [#3330](https://github.com/poanetwork/blockscout/pull/3330).,1h,v3.4.0+,
`CACHE_ADDRESS_TOKENS_USD_SUM_PERIOD`,,Managing of cache invalidation period for the sum of USD value of tokens per tokens' holder address. [Time format](env-variables.md#time-format).,1h,v3.5.0+,
`CACHE_EXCHANGE_RATES_PERIOD`,,value which is to tune the time to live of exchange rates. [Time format](env-variables.md#time-format). Implemented in [#5671](https://github.com/blockscout/blockscout/pull/5671).,10m,v4.1.5+,✅
`TOKEN_BALANCE_ON_DEMAND_FETCHER_THRESHOLD`,,A threshold to invalidate token balance cache. [Time format](env-variables.md#time-format).,1h,v5.1.2+,
`COIN_BALANCE_ON_DEMAND_FETCHER_THRESHOLD`,,A threshold to invalidate coin balance cache. [Time format](env-variables.md#time-format).,1h,v5.1.2+,
`CACHE_ADDRESS_TOKEN_TRANSFERS_COUNTER_PERIOD`,,"Interval to restart the task, which calculates the number of token transfers at the address. [Time format](env-variables.md#time-format). Implemented in [#4699](https://github.com/poanetwork/blockscout/pull/4699).",1h,v4.0.0+,
`CACHE_BLOCK_COUNT_PERIOD`,,time to live of blocks with consensus count cache. . [Time format](env-variables.md#time-format). Introduced in [#1876](https://github.com/poanetwork/blockscout/pull/1876).,2h,v4.1.3+,
`CACHE_TOTAL_GAS_USAGE_COUNTER_ENABLED`,,"if `true`, enables cache for total gas usage counter.",`false`,v5.1.3+,✅
### Gas price oracle management,,,,,
Variable,Required,Description,Default,Version,
-------------------------------------,--------,----------------------------------------------------------------------,-------,-------,
`GAS_PRICE_ORACLE_NUM_OF_BLOCKS`,,Gas price oracle: number of blocks to calculate average gas price from,200,v4.1.4+,
`GAS_PRICE_ORACLE_SAFELOW_PERCENTILE`,,Gas price oracle: safelow percentile,35,v4.1.4+,
`GAS_PRICE_ORACLE_AVERAGE_PERCENTILE`,,Gas price oracle: average percentile,60,v4.1.4+,
`GAS_PRICE_ORACLE_FAST_PERCENTILE`,,Gas price oracle: fast percentile,90,v4.1.4+,
`GAS_PRICE_ORACLE_CACHE_PERIOD`,,Gas price oracle: period of gas prices update. [Time format](env-variables.md#time-format).,30s,v4.1.4+,
### Main page dashboard management,,,,,
Variable,Required,Description,Default,Version,
-----------------------------------,--------,---------------------------------------------------------------------------------------------------------------------------------------,-------,-------,
`GAS_PRICE`,,"Gas price in Gwei. If the variable is present, gas price displays on the main page.",(empty),v3.3.2+,
`TXS_STATS_ENABLED`,,Disables or enables txs per day stats gathering.,true,v5.1.3+,
`SHOW_PRICE_CHART`,,Disables or enables price and market cap of coin charts on the main page.,false,v3.1.2+,
`SHOW_PRICE_CHART_LEGEND`,,Allows to show price and market cap values under the chart even if price chart is not enabled via `SHOW_PRICE_CHART` env variable.,false,v5.1.4+,
`SHOW_TXS_CHART`,,Disables or enables txs count per day chart on the main page.,true,v3.1.2+,
`TXS_HISTORIAN_INIT_LAG`,,The initial delay in txs count history fetching in order to display txs count per day history chart on the main page. [Time format](env-variables.md#time-format).,0,v3.1.2+,
`TXS_STATS_DAYS_TO_COMPILE_AT_INIT`,,Number of days for fetching of history of txs count per day in order to display it in txs count per day history chart on the main page.,40,v3.1.2+,
### Header management,,,,,
Variable,Required,Description,Default,Version,
--------------------,--------,--------------------------------------------------------------------------------------------------------------------------------------------------------------------------------------------------------------------------------------------------------------------------------------------------------------,--------------------------------------------------------------------------------------------------------------------------------------------------------------------------------------------------------------------------------------------------------------------------------------------------------------------------------------------------------------------------------------,-------,
`LOGO`,,Environment variable for the header logo image location. The logo files names for different chains can be found [here](https://github.com/poanetwork/blockscout/tree/master/apps/block\_scout\_web/assets/static/images).,/images/blockscout\_logo.svg,all,
`SHOW_TESTNET_LABEL`,,Enables testnet label right after logo in the navigation panel. Implemented in [#5732](https://github.com/blockscout/blockscout/pull/5732),(empty),v4.1.6+,
`TESTNET_LABEL_TEXT`,,The text inside the test label. Implemented in [#5732](https://github.com/blockscout/blockscout/pull/5732),Testnet,v4.1.6+,
`SUPPORTED_CHAINS`,,An array of supported chains that display in the footer and in the chains dropdown. This var was introduced in this PR [#1900](https://github.com/poanetwork/blockscout/pull/1900) and looks like an array of JSON objects.,"\[ { title: ""POA"", url: ""https://blockscout.com/poa/core"" }, { title: ""Sokol"", url: ""https://blockscout.com/poa/sokol"", test\_net?: true }, { title: ""Gnosis Chain"", url: ""https://gnosis.blockscout.com"" }, { title: ""Ethereum Classic"", url: ""https://etc.blockscout.com"", other?: true }, { title: ""RSK"", url: ""https://rootstock.blockscout.com"", other?: true } ]",v2.0.0+,
`APPS_MENU`,,"true/false. If true, the Apps navigation menu item appears.",false,v3.3.1+,
`APPS`,,An array of embedded/external apps to display in Apps menu item. This var was introduced in this PR [#3184](https://github.com/poanetwork/blockscout/pull/3184) and looks like an array of JSON objects. An example of embedded link is described here [#](https://github.com/blockscout/blockscout/pull/6397),(empty),v5.0.0+,
### Footer management,,,,,
Variable,Required,Description,Default,Version,
--------------------------,--------,-------------------------------------------------------------------------------------------------------------------------------------------------------------------------------------------------------------------------,-------------------------------------------------------------------------------,-------,
`FOOTER_LOGO`,,Environment variable for the footer logo image location. The logo files names for different chains can be found [here](https://github.com/poanetwork/blockscout/tree/master/apps/block\_scout\_web/assets/static/images).,/images/blockscout\_logo.svg,,
`RELEASE_LINK`,,The link to Blockscout release notes in the footer.,https: //github.com/poanetwork/ blockscout/releases/ tag/${BLOCKSCOUT\_VERSION},v1.3.5+,
`BLOCKSCOUT_VERSION`,,Added to the footer to signify the current BlockScout version.,(empty),v1.3.4+,
`FOOTER_CHAT_LINK`,,Link in Chat menu item in the footer. Implemented in [#5719](https://github.com/blockscout/blockscout/pull/5719).,https://discord.gg/3CtNAqVMRV,v4.1.6+,
`FOOTER_FORUM_LINK_ENABLED`,,Enable forum menu item in the footer.,false,v5.1.3+,
`FOOTER_FORUM_LINK`,,Link in Forum menu item in the footer. Implemented in [#5719](https://github.com/blockscout/blockscout/pull/5719),https://forum.poa.network/c/blockscout,v4.1.6+,
`FOOTER_TELEGRAM_LINK_ENABLED`,,Enable Telegram menu item in the footer. Implemented in [#7345](https://github.com/blockscout/blockscout/pull/7345).,false,v5.1.4+,
`FOOTER_TELEGRAM_LINK`,,Link in Telegram menu item in the footer. Implemented in [#7345](https://github.com/blockscout/blockscout/pull/7345).,,v5.1.4+,
`FOOTER_GITHUB_LINK`,,Github repository. Implemented in [#5719](https://github.com/blockscout/blockscout/pull/5719).,https://github.com/blockscout/blockscout,v4.1.6+,
`FOOTER_LINK_TO_OTHER_EXPLORERS`,,"true/false. If true, links to other explorers are added in the footer.",(empty),v5.1.3+,
`FOOTER_OTHER_EXPLORERS`,,The list of alternative explorers.,(empty),v5.1.3+,
### Contract management,,,,,
Variable,Required,Description,Default,Version,
-------------------------------------,--------,---------------------------------------------------------------------------------------------------------------------------------------------------------------------------,---------------------------------------------------------------------------------------------,-------,
`CONTRACT_VERIFICATION_ALLOWED_SOLIDITY_EVM_VERSIONS`,,"the comma-separated list of allowed EVM versions for Solidity contract verification. This var was introduced in [#1964](https://github.com/poanetwork/blockscout/pull/1964), updated in [#7614](https://github.com/blockscout/blockscout/pull/7614)","""homestead,tangerineWhistle,spuriousDragon,byzantium,constantinople,petersburg,istanbul,berlin,london,paris,shanghai,default""",v5.2.0+,
`CONTRACT_VERIFICATION_ALLOWED_VYPER_EVM_VERSIONS`,,the comma-separated list of allowed EVM versions for Vyper contract verification. This var was introduced in [#7614](https://github.com/blockscout/blockscout/pull/7614),"""byzantium,constantinople,petersburg,istanbul,berlin,paris,shanghai,default""",v5.2.0+,
`CONTRACT_VERIFICATION_MAX_LIBRARIES`,,Max amount of libraries to consider in smart-contract verification from flat/multi-part file(s). Implemented in [#6204](https://github.com/blockscout/blockscout/pull/6204),(empty),v5.0.0+,
`CONTRACT_MAX_STRING_LENGTH_WITHOUT_TRIMMING`,,Hide long contract method data. For more details: [#4667](https://github.com/blockscout/blockscout/pull/4667),2040,v4.0.0+,
`CONTRACT_DISABLE_INTERACTION`,,"If `true`, contract interactions via ""Write contract"" or ""Write proxy contract"" tabs are disabled. Introduced in [#7088](https://github.com/blockscout/blockscout/pull/7088)",(empty),v5.1.2+,
### Misc UI management,,,,,
Variable,Required,Description,Default,Version,Need recompile
-------------------------------------,--------,---------------------------------------------------------------------------------------------------------------------------------------------------------------------------,---------------------------------------------------------------------------------------------,-------,-
`SHOW_ADDRESS_MARKETCAP_PERCENTAGE`,,Configures market cap percentage column on the top accounts page.,`true`,v2.1.1+,
`SHOW_MAINTENANCE_ALERT`,,Disables/enables announcement at the top of the explorer.,false,v3.6.0+,
`MAINTENANCE_ALERT_MESSAGE`,,Message text of the announcement at the top of the explorer.,(empty),v3.6.0+,
`HIDE_BLOCK_MINER`,,Hides miner/validator/sequencer on block page and tiles if the value is \`true\` Implemented in [#4611](https://github.com/blockscout/blockscout/pull/4611),(empty),v4.0.0+,
`DISPLAY_TOKEN_ICONS`,,Displays token icons from TrustWallet assets repository if `true`. Implemented in [#4596](https://github.com/blockscout/blockscout/pull/4596),(empty),v4.0.0+,
`UNCLES_IN_AVERAGE_BLOCK_TIME`,,Include or exclude non-consensus blocks in avg block time calculation. Exclude if `false`.,false,v2.0.1+,
`COIN_BALANCE_HISTORY_DAYS`,,Number of days to consider at coin balance history chart.,10,v3.1.3+,
`ADMIN_PANEL_ENABLED`,,if `true` admin/\* routes are available. Implemented in [#5208](https://github.com/blockscout/blockscout/pull/5208),(empty),v4.1.2+,✅
`DISABLE_ADD_TO_MM_BUTTON`,,"If `true`, ""Add chain to MM"" button doesn't appear. Implemented in [#6843](https://github.com/blockscout/blockscout/pull/6843)",(empty),v5.1.0+,
`PERMANENT_DARK_MODE_ENABLED`,,"If `true`, permanent dark mode is enabled. Dark mode switcher is hidden in this case. Implemented in [#6763](https://github.com/blockscout/blockscout/pull/6763)",(empty),v5.1.0+,
`PERMANENT_LIGHT_MODE_ENABLED`,,"If `true`, permanent light mode is enabled. Dark mode switcher is hidden. Implemented in [#6838](https://github.com/blockscout/blockscout/pull/6838)",(empty),v5.1.0+,
### CSV export,,,,,
reCAPTCHA v2 and v3 keys for CSV export page. Do not use both v2/v3 keys. Only one version of reCAPTCHA should be used.,,,,,
Variable,Required,Description,Default,Version,
-----------------------,--------,-------------------------------------------------------------------------------------------------------------------------------------,-------,-------,
`RE_CAPTCHA_SECRET_KEY`,,Google reCAPTCHA v2 secret key. Used by advanced CSV export. Implemented in [#4747](https://github.com/blockscout/blockscout/pull/4747),(empty),v4.0.0+,
`RE_CAPTCHA_CLIENT_KEY`,,Google reCAPTCHA v2 client key. Used by advanced CSV export. Implemented in [#4747](https://github.com/blockscout/blockscout/pull/4747),(empty),v4.0.0+,
`RE_CAPTCHA_V3_SECRET_KEY`,,Google reCAPTCHA v3 secret key. Used by advanced CSV export. Implemented in [#7273](https://github.com/blockscout/blockscout/pull/7273),(empty),v5.1.4+,
`RE_CAPTCHA_V3_CLIENT_KEY`,,Google reCAPTCHA v3 client key. Used by advanced CSV export. Implemented in [#7273](https://github.com/blockscout/blockscout/pull/7273),(empty),v5.1.4+,
`RE_CAPTCHA_DISABLED`,,Disable reCAPTCHA. Implemented in [#7416](https://github.com/blockscout/blockscout/pull/7416),false,v5.1.5+,
### API rate limit management,,,,,
Variable,Required,Description,Default,Version,Need recompile
-------------------------------------------,--------,-----------------------------------------------------------------------------------------------------------------------------------------------------------------------------------------------------------------------------------------------------,-------,-------,-
`API_RATE_LIMIT`,,A global API rate limit: number or requests per second for all users. Implemented in [#5030](https://github.com/blockscout/blockscout/pull/5030),50,v4.1.1+,
`API_RATE_LIMIT_BY_KEY`,,A dedicated API rate limit for a static API key. Implemented in [#5080](https://github.com/blockscout/blockscout/pull/5080),50,v4.1.1+,
`API_RATE_LIMIT_WHITELISTED_IPS`,,Comma-separated whitelisted IPs list with dedicated rate limit. Implemented in [#5090](https://github.com/blockscout/blockscout/pull/5090),(empty),v4.1.1+,
`API_RATE_LIMIT_STATIC_API_KEY`,,Static API key with dedicated API rate limit. Implemented in [#5080](https://github.com/blockscout/blockscout/pull/5080),(empty),v4.1.1+,
`API_RATE_LIMIT_DISABLED`,,"If `true`, any type of rate limit is ignored. Implemented in [#6908](https://github.com/blockscout/blockscout/pull/6908)",(empty),v5.1.0+,
`API_RATE_LIMIT_IS_BLOCKSCOUT_BEHIND_PROXY`,,"If `true`, then IP address of a client will be derived from proxy's headers (like `X-Forwarded-For`) using [RemoteIp](https://hexdocs.pm/remote_ip/RemoteIp.html) library. Implemented in [#7148](https://github.com/blockscout/blockscout/pull/7148)",false,v5.1.3+,
`API_RATE_LIMIT_BY_WHITELISTED_IP`,,A dedicated API rate limit for whitelisted IPs. Implemented in [#5090](https://github.com/blockscout/blockscout/pull/5090),50,v5.1.3+,
`API_RATE_LIMIT_BY_IP`,,Global rate limit for an IP address for API v2 requests sent from UI. [#7148](https://github.com/blockscout/blockscout/pull/7148),3000,v5.1.3+,
`API_RATE_LIMIT_HAMMER_REDIS_URL`,,Redis DB URL for Hammer rate limit library. Implemented in [#7148](https://github.com/blockscout/blockscout/pull/7148),(empty),v5.1.3+,✅
`API_RATE_LIMIT_UI_V2_WITH_TOKEN`,,Rate limit after submitting correct CAPTCHA. Implemented in [#7148](https://github.com/blockscout/blockscout/pull/7148),5,v5.1.3+,
`API_RATE_LIMIT_TIME_INTERVAL`,,Time interval of rate limit. [Time format](env-variables.md#time-format). Implemented in [#7148](https://github.com/blockscout/blockscout/pull/7148),1s,v5.1.3+,
`API_RATE_LIMIT_BY_IP_TIME_INTERVAL`,,Time interval of rate limit set by `API_RATE_LIMIT_BY_IP`. [Time format](env-variables.md#time-format). Implemented in [#7148](https://github.com/blockscout/blockscout/pull/7148),5m,v5.1.3+,
`API_RATE_LIMIT_UI_V2_TOKEN_TTL_IN_SECONDS`,,TTL for token issued after submitting correct CAPTCHA for an API v2 requests from UI. In seconds. Implemented in [#7148](https://github.com/blockscout/blockscout/pull/7148),18000,v5.1.3+,
### Specific smart-contracts,,,,,
Variable,Required,Description,Default,Version,
-----------------------,--------,--------------------------------------------------------------------------------------------------------------------------------------------------------------------------------------------------------,--------------------------------------------,-------,
`METADATA_CONTRACT`,,This environment variable is specifically used by POA Network to obtain Validators information to display in the UI.,(empty),all,
`VALIDATORS_CONTRACT`,,This environment variable is specifically used by POA Network to obtain the list of current validators.,(empty),all,
`KEYS_MANAGER_CONTRACT`,,This environment variable is specifically used by POA Network to set KeysManager proxy contract in order to obtain payout key by mining key. This needs to identify distributed reward to the validator.,(empty),v3.1.2+,
`REWARDS_CONTRACT`,,Emission rewards contract address. This env var is used only if `EMISSION_FORMAT` is set to `POA`,`0xeca443e8e1ab29971a45a9c57a6a9875701698a5`,v2.0.4+,
`TOKEN_BRIDGE_CONTRACT`,,Token bridge proxy contract. For \`TokenBridge\` supply module.,`0x7301CFA0e1756B71869E93d4e4Dca5c7d0eb0AA6`,v1.3.2+,
### Account-related ENV variables,,,,,
Variable,Required,Description,Default,Version,
--------------------------------------,--------,---------------------------------------------------------------------------------------------------------------------,-------------------------,-------,
`ACCOUNT_ENABLED`,,"Turn on/off account functionality. If value is`true`, account functionality is enabled.",(empty),5.0.0,
`ACCOUNT_DATABASE_URL`,,Account DB connection string,value from `DATABASE_URL`,5.0.0,
`ACCOUNT_REDIS_URL`,,Account Redis connection string (for session storing configuration),(empty),5.0.0,
`ACCOUNT_POOL_SIZE`,,Account DB `pool_size`,50,5.0.0,
`ACCOUNT_AUTH0_DOMAIN`,,Domain for [Ueberauth Auth0](https://hexdocs.pm/ueberauth\_auth0/readme.html),(empty),5.0.0,
`ACCOUNT_AUTH0_CLIENT_ID`,,Auth0 client ID [Ueberauth Auth0](https://hexdocs.pm/ueberauth\_auth0/readme.html),(empty),5.0.0,
`ACCOUNT_AUTH0_CLIENT_SECRET`,,Auth0 client secret [Ueberauth Auth0](https://hexdocs.pm/ueberauth\_auth0/readme.html),(empty),5.0.0,
`ACCOUNT_PUBLIC_TAGS_AIRTABLE_URL`,,Airtable URL for public tag requests functionality,(empty),5.0.0,
`ACCOUNT_PUBLIC_TAGS_AIRTABLE_API_KEY`,,Airtable API key for public tag requests functionality,(empty),5.0.0,
`ACCOUNT_SENDGRID_API_KEY`,,Sendgrid API key for watchlist notifications functionality,(empty),5.0.0,
`ACCOUNT_SENDGRID_SENDER`,,Sendgrid sender email for watchlist notifications functionality,(empty),5.0.0,
`ACCOUNT_SENDGRID_TEMPLATE`,,Sendgrid email template for watchlist notifications functionality,(empty),5.0.0,
`ACCOUNT_CLOAK_KEY`,,Account DB encryption key. [Instruction how to generate](https://hexdocs.pm/cloak\_ecto/generate\_keys.html#content),(empty),5.0.0,
`ACCOUNT_VERIFICATION_EMAIL_RESEND_INTERVAL`,,Time before resending confirmation email. Implemented in [#7298](https://github.com/blockscout/blockscout/pull/7298). [Time format](env-variables.md#time-format),`5m`,v5.1.5+,
### Integrations,,,,,
#### Smart-contract verifier / Eth Bytecode DB,,,,,
Variable,Required,Description,Default,Version,
----------------------------------,--------,--------------------------------------------------------------------------------------------------------------------------------------------------------------------------------------------------------------------------------,-------,-------,
`MICROSERVICE_SC_VERIFIER_ENABLED`,,"If `true`, integration with [Rust smart-contract verifier](https://github.com/blockscout/blockscout-rs/tree/main/smart-contract-verifier) is enabled. Implemented in [#5860](https://github.com/blockscout/blockscout/pull/5860)",(empty),v5.1.3+,
`MICROSERVICE_SC_VERIFIER_URL`,,URL of Rust smart-contract verifier. Implemented in [#5860](https://github.com/blockscout/blockscout/pull/5860),(empty),v5.1.3+,
`MICROSERVICE_ETH_BYTECODE_DB_INTERVAL_BETWEEN_LOOKUPS`,,Minimal time after unsuccessful check of smart contract's sources in Eth Bytecode DB. Implemented in [#7187](https://github.com/blockscout/blockscout/pull/7187). [Time format](env-variables.md#time-format),10m,v5.1.3+,
`MICROSERVICE_SC_VERIFIER_TYPE`,,Type of smart contract microservice could be either `eth_bytecode_db` or `sc_verifier`. Implemented in [#7187](https://github.com/blockscout/blockscout/pull/7187),`sc_verifier`,v5.1.3+,
#### Sol2Uml,,,,,
Variable,Required,Description,Default,Version,
-------------------------------,--------,-------------------------------------------------------------------------------------------------------------------------------------------------------------------------------------------------------------,-------,-------,
`MICROSERVICE_VISUALIZE_SOL2UML_ENABLED`,,"If `true`, integration with [Rust sol2uml visualizer](https://github.com/blockscout/blockscout-rs/tree/main/visualizer) is enabled. Implemented in [#6401](https://github.com/blockscout/blockscout/pull/6401)",(empty),v5.1.3+,
`MICROSERVICE_VISUALIZE_SOL2UML_URL`,,URL of Rust visualizer. Implemented in [#6401](https://github.com/blockscout/blockscout/pull/6401),(empty),v5.1.3+,
#### Sig-provider,,,,,
Variable,Required,Description,Default,Version,
--------------------------,--------,------------------------------------------------------------------------------------------------------------------------------------------------------------------------------------------------------------------,-------,-------,
`MICROSERVICE_SIG_PROVIDER_URL`,,"If `true`, integration with [Rust sig-provider service](https://github.com/blockscout/blockscout-rs/tree/main/sig-provider) is enabled. Implemented in [#6541](https://github.com/blockscout/blockscout/pull/6541)",(empty),v5.1.3+,
`MICROSERVICE_SIG_PROVIDER_ENABLED`,,URL of Rust sig-provider service. Implemented in [#6541](https://github.com/blockscout/blockscout/pull/6541),(empty),v5.1.3+,
#### Sourcify,,,,,
Variable,Required,Description,Default,Version,
-----------------------------,--------,---------------------------------------------------------------,---------------------------------------------------------------------------------------------------------------------------------------------------------------------------------------------------------------------------------,-------,
`SOURCIFY_INTEGRATION_ENABLED`,,Enables or disables verification of contracts through Sourcify.,false,v5.1.3+,
`SOURCIFY_SERVER_URL`,,URL to Sourcify backend.,[https://sourcify.dev/server](https://sourcify.dev/server),v3.7.0+,
`SOURCIFY_REPO_URL`,,URL to Sourcify repository with fully verified contracts.,"<p><a href=""https://repo.sourcify.dev/contracts/"">https://repo.sourcify.dev/contracts/</a>*</p><p>*before 3.7.1 <a href=""https://repo.sourcify.dev/contracts/full_match/"">https://repo.sourcify.dev/contracts/full_match/</a></p>",v3.7.0+,
#### Tenderly,,,,,
Variable,Required,Description,Default,Version,
---------------------,--------,---------------------------------------------------------------------------------------------------------------------------------------------------------------------------------------------------------------------------------------------------------------------------,-------,-------,
`SHOW_TENDERLY_LINK`,,"if `true`, ""Open in Tenderly"" button is displayed on the transaction page. Implemented in [#4656](https://github.com/blockscout/blockscout/pull/4656)",(empty),v4.0.0+,
`TENDERLY_CHAIN_PATH`,,"Chain path to the transaction in Tenderly. For instance, for transactions in xDai, Tenderly link looks like this https://dashboard.tenderly.co/tx/xdai/0x..., then `TENDERLY_CHAIN_PATH =/xdai.` Implemented in [#4656](https://github.com/blockscout/blockscout/pull/4656)",(empty),v4.0.0+,
#### Datadog,,,,,
Variable,Required,Description,Default,Version,
--------------,--------,-----------------------------------------------------------------------------------------------,-------,-------,
`DATADOG_HOST`,,Host configuration setting for [Datadog integration](https://docs.datadoghq.com/integrations/).,(empty),all,
`DATADOG_PORT`,,Port configuration setting for [Datadog integration](https://docs.datadoghq.com/integrations/).,(empty},all,
#### Spandex,,,,,
Variable,Required,Description,Default,Version,
------------------------,--------,----------------------------------------------------------------------------------------,-------,-------,
`SPANDEX_BATCH_SIZE`,,[Spandex](https://github.com/spandex-project/spandex) and Datadog configuration setting.,(empty),all,
`SPANDEX_SYNC_THRESHOLD`,,[Spandex](https://github.com/spandex-project/spandex) and Datadog configuration setting.,(empty),all,
#### Analytics,,,,,
Variable,Required,Description,Default,Version,Need recompile
-------------------,--------,----------------------------------------------------------------------------------------------------------------------------------------,-------,-------,-
`MIXPANEL_TOKEN`,,[Mixpanel](https://mixpanel.com/) project token.,(empty),v5.0.0+,✅
`MIXPANEL_URL`,,Url to use Mixpanel with proxy ([Collection via Proxy](https://developer.mixpanel.com/docs/collection-via-a-proxy)).,(empty),v5.0.0+,✅
`AMPLITUDE_API_KEY`,,[Amplitude](https://amplitude.com/) API key.,(empty),v5.0.0+,✅
`AMPLITUDE_URL`,,Url to use Amplitude with proxy ([Use Domain Proxy to Relay Events](https://www.docs.developers.amplitude.com/analytics/domain-proxy/)).,(empty),v5.0.0+,✅